field,index,singlebed,multibed,absolute_difference,relative_difference
state,0,701.58873774923518,701.58873774923518,0,0
state,1,100.22696253560503,100.22696253560503,0,0
state,2,100.22696253560503,100.22696253560503,0,0
state,3,100.22696253560503,100.22696253560503,0,0
state,4,868.95853262416676,868.95853262416676,0,0
state,5,46.586526205510893,46.586526205510893,0,0
state,6,42.6295084358309,42.629508435830886,1.4210854715202004e-14,3.3335722687474186e-16
state,7,44.125294451949252,44.125294451949252,0,0
state,8,982.94709558832005,982.94709558832005,0,0
state,9,7.2633707123388245,7.2633707123388245,0,0
state,10,5.6023038601275408,5.6023038601275381,2.6645352591003757e-15,4.7561419830585828e-16
state,11,6.4936361491661723,6.4936361491661723,0,0
state,12,1001.584635150166,1001.584635150166,0,0
state,13,0.2379742773081534,0.23797427730815349,8.3266726846886741e-17,8.3266726846886741e-17
state,14,0.2450811286304492,0.24508112863044915,5.5511151231257827e-17,5.5511151231257827e-17
state,15,0.21124712544670954,0.21124712544670962,8.3266726846886741e-17,8.3266726846886741e-17
state,16,1002.2490471896634,1002.2490471896634,0,0
state,17,0.0061216946601822123,0.0061216946601822123,0,0
state,18,0.009350426727396919,0.009350426727396912,6.9388939039072284e-18,6.9388939039072284e-18
state,19,0.0054478370696437999,0.0054478370696437982,1.7347234759768071e-18,1.7347234759768071e-18
state,20,1002.2689859672818,1002.2689859672818,0,0
state,21,0.00015623199894827775,0.0001562319989482778,5.4210108624275222e-20,5.4210108624275222e-20
state,22,0.00035397527537458682,0.00035397527537458666,1.6263032587282567e-19,1.6263032587282567e-19
state,23,0.00013943296262816871,0.00013943296262816868,2.7105054312137611e-20,2.7105054312137611e-20
state,24,1002.2696047612305,1002.2696047612305,0,0
state,25,3.9832381481605671e-06,3.9832381481605688e-06,1.6940658945086007e-21,1.6940658945086007e-21
state,26,1.3359546938308812e-05,1.3359546938308807e-05,5.082197683525802e-21,5.082197683525802e-21
state,27,3.5654124161157982e-06,3.5654124161157978e-06,4.2351647362715017e-22,4.2351647362715017e-22
state,28,1002.269624659259,1002.269624659259,0,0
state,29,1.0145628284607609e-07,1.0145628284607607e-07,1.3234889800848443e-23,1.3234889800848443e-23
state,30,5.024417246874081e-07,5.0244172468740747e-07,6.3527471044072525e-22,6.3527471044072525e-22
state,31,9.1088673557805151e-08,9.1088673557804992e-08,1.5881867761018131e-22,1.5881867761018131e-22
state,32,1002.2696252564617,1002.2696252564617,0,0
state,33,1.3012107703823461e-08,1.3012107703823454e-08,6.6174449004242214e-24,6.6174449004242214e-24
state,34,7.5007513434028853e-08,7.5007513434028787e-08,6.6174449004242214e-23,6.6174449004242214e-23
state,35,1.1932196432207295e-08,1.1932196432207293e-08,1.6543612251060553e-24,1.6543612251060553e-24
state,36,1002.2696253370434,1002.2696253370434,0,0
state,37,2.7403840903417205e-09,2.7403840903417205e-09,0,0
state,38,1.36970237360302e-08,1.3697023736030195e-08,4.963083675318166e-24,4.963083675318166e-24
state,39,2.565780669864967e-09,2.5657806698649674e-09,4.1359030627651384e-25,4.1359030627651384e-25
state,40,1002.2696253534717,1002.2696253534717,0,0
state,41,3.9511315173399495e-10,3.95113151733995e-10,5.169878828456423e-26,5.169878828456423e-26
state,42,1.8048478651495945e-09,1.8048478651495937e-09,8.2718061255302767e-25,8.2718061255302767e-25
state,43,3.7472705682370533e-10,3.7472705682370549e-10,1.5509636485369269e-25,1.5509636485369269e-25
state,44,1002.2696253557591,1002.2696253557591,0,0
state,45,4.6723698627813403e-11,4.672369862781337e-11,3.2311742677852644e-26,3.2311742677852644e-26
state,46,1.9609495771674696e-10,1.9609495771674683e-10,1.2924697071141057e-25,1.2924697071141057e-25
state,47,4.4719275284209277e-11,4.4719275284209252e-11,2.5849394142282115e-26,2.5849394142282115e-26
state,48,1002.269625356021,1002.269625356021,0,0
state,49,4.7272589613335582e-12,4.7272589613335606e-12,2.4233807008389483e-27,2.4233807008389483e-27
state,50,1.8321845741719074e-11,1.8321845741719081e-11,6.4623485355705287e-27,6.4623485355705287e-27
state,51,4.5532263372237256e-12,4.553226337223728e-12,2.4233807008389483e-27,2.4233807008389483e-27
state,52,1002.2696253560479,1002.2696253560479,0,0
state,53,4.1551378064548953e-13,4.1551378064548933e-13,2.0194839173657902e-28,2.0194839173657902e-28
state,54,1.4991059907368173e-12,1.4991059907368161e-12,1.2116903504194741e-27,1.2116903504194741e-27
state,55,4.0200261810136186e-13,4.0200261810136171e-13,1.5146129380243427e-28,1.5146129380243427e-28
state,56,1002.2696253560504,1002.2696253560504,0,0
state,57,3.2135064161731709e-14,3.2135064161731677e-14,3.1554436208840472e-29,3.1554436208840472e-29
state,58,1.0883042503540905e-13,1.0883042503540883e-13,2.1457016622011521e-28,2.1457016622011521e-28
state,59,3.1191091338917891e-14,3.1191091338917859e-14,3.1554436208840472e-29,3.1554436208840472e-29
state,60,1002.2696253560504,1002.2696253560504,0,0
state,61,2.2135050896433564e-15,2.2135050896433564e-15,0,0
state,62,7.0897243089667882e-15,7.0897243089667851e-15,3.1554436208840472e-30,3.1554436208840472e-30
state,63,2.153786700703464e-15,2.1537867007034656e-15,1.5777218104420236e-30,1.5777218104420236e-30
state,64,1002.2696253560504,1002.2696253560504,0,0
state,65,1.3732460325149433e-16,1.3732460325149421e-16,1.2325951644078309e-31,1.2325951644078309e-31
state,66,4.1859719667726797e-16,4.1859719667726753e-16,4.4373425918681914e-31,4.4373425918681914e-31
state,67,1.3388149313874826e-16,1.3388149313874821e-16,4.9303806576313238e-32,4.9303806576313238e-32
state,68,1002.2696253560504,1002.2696253560504,0,0
state,69,7.7497871800820275e-18,7.7497871800820152e-18,1.2325951644078309e-32,1.2325951644078309e-32
state,70,2.2597160718118213e-17,2.2597160718118167e-17,4.622231866529366e-32,4.622231866529366e-32
state,71,7.5676876926115366e-18,7.5676876926115289e-18,7.7037197775489434e-33,7.7037197775489434e-33
state,72,1002.2696253560504,1002.2696253560504,0,0
state,73,4.0128697761126154e-19,4.0128697761126164e-19,9.6296497219361793e-35,9.6296497219361793e-35
state,74,1.1239038547323511e-18,1.1239038547323509e-18,1.9259299443872359e-34,1.9259299443872359e-34
state,75,3.9239724733331192e-19,3.9239724733331192e-19,0,0
state,76,1002.2696253560504,1002.2696253560504,0,0
state,77,1.9208129226177288e-20,1.9208129226177321e-20,3.3101920919155616e-35,3.3101920919155616e-35
state,78,5.1847375507253318e-20,5.184737550725342e-20,1.023150282955719e-34,1.023150282955719e-34
state,79,1.8805214656700306e-20,1.880521465670033e-20,2.4074124304840448e-35,2.4074124304840448e-35
state,80,1002.2696253560504,1002.2696253560504,0,0
state,81,8.5541033461540497e-22,8.5541033461540592e-22,9.4039548065783001e-37,9.4039548065783001e-37
state,82,2.2314205803138239e-21,2.2314205803138261e-21,2.256949153578792e-36,2.256949153578792e-36
state,83,8.3836564496578642e-22,8.3836564496578679e-22,3.76158192263132e-37,3.76158192263132e-37
state,84,1002.2696253560504,1002.2696253560504,0,0
state,85,3.5639788952726623e-23,3.5639788952726623e-23,0,0
state,86,9.0054798217719823e-23,9.0054798217719835e-23,1.1754943508222875e-38,1.1754943508222875e-38
state,87,3.4963545395376815e-23,3.496354539537681e-23,5.8774717541114375e-39,5.8774717541114375e-39
state,88,1002.2696253560504,1002.2696253560504,0,0
state,89,1.3958961496556564e-24,1.3958961496556552e-24,1.285696946211877e-39,1.285696946211877e-39
state,90,3.4232574685275464e-24,3.4232574685275442e-24,2.2040519077917891e-39,2.2040519077917891e-39
state,91,1.3706248124655942e-24,1.3706248124655931e-24,1.1020259538958945e-39,1.1020259538958945e-39
state,92,1002.2696253560504,1002.2696253560504,0,0
state,93,5.1610589316820166e-26,5.1610589316820045e-26,1.2053408870736347e-40,1.2053408870736347e-40
state,94,1.2304877017851261e-25,1.2304877017851245e-25,1.6071211827648462e-40,1.6071211827648462e-40
state,95,5.0717614518258814e-26,5.0717614518258733e-26,8.035605913824231e-41,8.035605913824231e-41
state,96,1002.2696253560504,1002.2696253560504,0,0
state,97,1.8078794192308587e-27,1.8078794192308609e-27,2.152394441202919e-42,2.152394441202919e-42
state,98,4.1967423513057336e-27,4.1967423513057436e-27,1.0044507392280289e-41,1.0044507392280289e-41
state,99,1.7779409023738486e-27,1.7779409023738526e-27,3.9460564755386849e-42,3.9460564755386849e-42
state,100,1002.2696253560504,1002.2696253560504,0,0
state,101,6.0190124346364655e-29,6.0190124346364689e-29,3.363116314379561e-44,3.363116314379561e-44
state,102,1.362261329738684e-28,1.3622613297386861e-28,2.0178697886277366e-43,2.0178697886277366e-43
state,103,5.9234838722629572e-29,5.9234838722629661e-29,8.9683101716788293e-44,8.9683101716788293e-44
state,104,1002.2696253560504,1002.2696253560504,0,0
state,105,1.9099407486845282e-30,1.9099407486845282e-30,0,0
state,106,4.2197409845975923e-30,4.2197409845975951e-30,2.8025969286496341e-45,2.8025969286496341e-45
state,107,1.8808513211922307e-30,1.8808513211922328e-30,2.1019476964872256e-45,2.1019476964872256e-45
state,108,1002.2696253560504,1002.2696253560504,0,0
state,109,5.7906382671744273e-32,5.7906382671744219e-32,5.4738221262688167e-47,5.4738221262688167e-47
state,110,1.2503235196140511e-31,1.2503235196140504e-31,6.56858655152258e-47,6.56858655152258e-47
state,111,5.7058969644591414e-32,5.7058969644591414e-32,0,0
state,112,1002.2696253560504,1002.2696253560504,0,0
state,113,1.6811203364646384e-33,1.681120336464635e-33,3.4211388289180104e-48,3.4211388289180104e-48
state,114,3.5513423596425109e-33,3.5513423596425061e-33,4.7895943604852146e-48,4.7895943604852146e-48
state,115,1.6574524492721041e-33,1.6574524492721028e-33,1.3684555315672042e-48,1.3684555315672042e-48
state,116,1002.2696253560504,1002.2696253560504,0,0
state,117,4.6826318180363487e-35,4.6826318180363567e-35,8.0182941302765869e-50,8.0182941302765869e-50
state,118,9.6877434865823066e-35,9.6877434865823259e-35,1.9243905912663809e-49,1.9243905912663809e-49
state,119,4.6191315103758653e-35,4.6191315103758787e-35,1.3363823550460978e-49,1.3363823550460978e-49
state,120,1002.2696253560504,1002.2696253560504,0,0
state,121,1.2536241851265094e-36,1.2536241851265106e-36,1.1693345606653356e-51,1.1693345606653356e-51
state,122,2.5424752630394963e-36,2.5424752630394997e-36,3.3409558876152446e-51,3.3409558876152446e-51
state,123,1.2372294092929679e-36,1.2372294092929711e-36,3.1739080932344823e-51,3.1739080932344823e-51
state,124,1002.2696253560504,1002.2696253560504,0,0
state,125,3.2309118007846469e-38,3.2309118007846469e-38,0,0
state,126,6.4293653980088927e-38,6.4293653980088979e-38,5.2202435743988196e-53,5.2202435743988196e-53
state,127,3.1901141970502009e-38,3.1901141970502061e-38,5.2202435743988196e-53,5.2202435743988196e-53
state,128,1002.2696253560504,1002.2696253560504,0,0
state,129,8.027771293186522e-40,8.0277712931865138e-40,8.1566305849981557e-55,8.1566305849981557e-55
state,130,1.5688050472525474e-39,1.5688050472525471e-39,3.2626522339992623e-55,3.2626522339992623e-55
state,131,7.9297807298789047e-40,7.9297807298789096e-40,4.8939783509988934e-55,4.8939783509988934e-55
state,132,1002.2696253560504,1002.2696253560504,0,0
state,133,1.9255511676065929e-41,1.9255511676065901e-41,2.803841763593116e-56,2.803841763593116e-56
state,134,3.6984422687641944e-41,3.6984422687641898e-41,4.5881047040614626e-56,4.5881047040614626e-56
state,135,1.9028044624435133e-41,1.902804462443512e-41,1.2744735289059618e-56,1.2744735289059618e-56
state,136,1002.2696253560504,1002.2696253560504,0,0
state,137,4.4641308399662064e-43,4.464130839966196e-43,1.035509742236094e-57,1.035509742236094e-57
state,138,8.4339588614788813e-43,8.4339588614788622e-43,1.9117102933589427e-57,1.9117102933589427e-57
state,139,4.4130388990247277e-43,4.4130388990247205e-43,7.1689136000960352e-58,7.1689136000960352e-58
state,140,1002.2696253560504,1002.2696253560504,0,0
state,141,1.0014557055110557e-44,1.0014557055110525e-44,3.2359679444877937e-59,3.2359679444877937e-59
state,142,1.8624337167186865e-44,1.862433716718681e-44,5.4762534445178047e-59,5.4762534445178047e-59
state,143,9.9033945735332563e-45,9.9033945735332327e-45,2.3647458055872338e-59,2.3647458055872338e-59
state,144,1002.2696253560504,1002.2696253560504,0,0
state,145,2.1761828575598602e-46,2.1761828575598613e-46,1.1668153645989641e-61,1.1668153645989641e-61
state,146,3.9866303562202001e-46,3.9866303562202032e-46,3.1115076389305709e-61,3.1115076389305709e-61
state,147,2.1527313338112227e-46,2.1527313338112258e-46,3.1115076389305709e-61,3.1115076389305709e-61
state,148,1002.2696253560504,1002.2696253560504,0,0
state,149,4.5851387577082643e-48,4.5851387577082631e-48,1.2154326714572542e-63,1.2154326714572542e-63
state,150,8.2797136424339018e-48,8.2797136424338981e-48,3.6462980143717627e-63,3.6462980143717627e-63
state,151,4.5371219251074636e-48,4.5371219251074678e-48,4.2540143501003898e-63,4.2540143501003898e-63
state,152,1002.2696253560504,1002.2696253560504,0,0
state,153,9.3756202551261039e-50,9.3756202551261343e-50,3.0385816786431356e-64,3.0385816786431356e-64
state,154,1.6698986726294913e-49,1.669898672629497e-49,5.6973406474558792e-64,5.6973406474558792e-64
state,155,9.2801210548192763e-50,9.28012105481932e-50,4.3679611630495074e-64,4.3679611630495074e-64
state,156,1002.2696253560504,1002.2696253560504,0,0
state,157,1.8621308406749474e-51,1.8621308406749516e-51,4.154310888769912e-66,4.154310888769912e-66
state,158,3.2733123613444993e-51,3.2733123613445076e-51,8.3086217775398239e-66,8.3086217775398239e-66
state,159,1.8436662835198665e-51,1.8436662835198731e-51,6.5282028252098616e-66,6.5282028252098616e-66
state,160,1002.2696253560504,1002.2696253560504,0,0
state,161,3.595282454773951e-53,3.5952824547739561e-53,5.1001584571952044e-68,5.1001584571952044e-68
state,162,6.2408353425877117e-53,6.2408353425877229e-53,1.1127618452062264e-67,1.1127618452062264e-67
state,163,3.5605497973786423e-53,3.5605497973786515e-53,9.2730153767185535e-68,9.2730153767185535e-68
state,164,1002.2696253560504,1002.2696253560504,0,0
state,165,6.7530243639287919e-55,6.7530243639287948e-55,2.897817305224548e-70,2.897817305224548e-70
state,166,1.1581687434403841e-54,1.1581687434403852e-54,1.0142360568285918e-69,1.0142360568285918e-69
state,167,6.6894174366071768e-55,6.6894174366071869e-55,1.0142360568285918e-69,1.0142360568285918e-69
state,168,1002.2696253560504,1002.2696253560504,0,0
state,169,1.2348596751302202e-56,1.2348596751302197e-56,4.5278395394133562e-72,4.5278395394133562e-72
state,170,2.0935002328872948e-56,2.0935002328872948e-56,0,0
state,171,1.223511453095145e-56,1.2235114530951459e-56,9.0556790788267124e-72,9.0556790788267124e-72
state,172,1002.2696253560504,1002.2696253560504,0,0
state,173,2.1998123542195694e-58,2.1998123542195677e-58,1.7686873200833423e-73,1.7686873200833423e-73
state,174,3.68831794763333e-58,3.6883179476333265e-58,3.5373746401666845e-73,3.5373746401666845e-73
state,175,2.1800753109979889e-58,2.1800753109979882e-58,7.074749280333369e-74,7.074749280333369e-74
state,176,1002.2696253560504,1002.2696253560504,0,0
state,177,3.8201616013961235e-60,3.820161601396118e-60,5.5271478752604446e-75,5.5271478752604446e-75
state,178,6.3373138378276695e-60,6.3373138378276596e-60,9.9488661754688002e-75,9.9488661754688002e-75
state,179,3.7866784204100471e-60,3.7866784204100427e-60,4.4217183002083556e-75,4.4217183002083556e-75
state,180,1002.2696253560504,1002.2696253560504,0,0
state,181,6.4709942826532282e-62,6.4709942826532144e-62,1.3817869688151111e-76,1.3817869688151111e-76
state,182,1.0625696322449218e-61,1.0625696322449194e-61,2.4181271954264445e-76,2.4181271954264445e-76
state,183,6.4155562151878338e-62,6.4155562151878209e-62,1.2954252832641667e-76,1.2954252832641667e-76
state,184,1002.2696253560504,1002.2696253560504,0,0
state,185,1.0698069617061258e-63,1.0698069617061227e-63,3.103623074487066e-78,3.103623074487066e-78
state,186,1.7395069959073252e-63,1.7395069959073195e-63,5.6674856142807293e-78,5.6674856142807293e-78
state,187,1.0608438125427426e-63,1.0608438125427396e-63,2.9686829408137153e-78,2.9686829408137153e-78
state,188,1002.2696253560504,1002.2696253560504,0,0
state,189,1.7271284711036172e-65,1.7271284711036106e-65,6.5361627248029244e-80,6.5361627248029244e-80
state,190,2.7818981063477799e-65,2.7818981063477681e-65,1.1807261696418186e-79,1.1807261696418186e-79
state,191,1.7129702819688198e-65,1.7129702819688133e-65,6.5361627248029244e-80,6.5361627248029244e-80
state,192,1002.2696253560504,1002.2696253560504,0,0
state,193,2.7243128327830757e-67,2.7243128327830892e-67,1.3507191114764108e-81,1.3507191114764108e-81
state,194,4.3483188828383648e-67,4.3483188828383832e-67,1.8448846400653416e-81,1.8448846400653416e-81
state,195,2.7024522114505542e-67,2.7024522114505664e-67,1.2189416371860292e-81,1.2189416371860292e-81
state,196,1002.2696253560504,1002.2696253560504,0,0
state,197,4.2006843360073619e-69,4.2006843360073789e-69,1.6986940045244495e-83,1.6986940045244495e-83
state,198,6.6462316988467031e-69,6.6462316988467257e-69,2.2649253393659327e-83,2.2649253393659327e-83
state,199,4.1676756169641689e-69,4.1676756169641849e-69,1.595742852735089e-83,1.595742852735089e-83
state,200,1002.2696253560504,1002.2696253560504,0,0
state,201,6.3346336743721239e-71,6.334633674372144e-71,2.0107646833859488e-85,2.0107646833859488e-85
state,202,9.9380888423648622e-71,9.9380888423648895e-71,2.7346399694048904e-85,2.7346399694048904e-85
state,203,6.2858694817519024e-71,6.2858694817519217e-71,1.9303340960505108e-85,1.9303340960505108e-85
state,204,0,0,0,0
state,205,0.0065635569172234186,0.0065635569172234186,0,0
state,206,0.0092005097573562705,0.0092005097573562705,0,0
state,207,0.009176361818936175,0.009176361818936175,0,0
state,208,0,0,0,0
state,209,0.0064887280244159996,0.0064887280244159996,0,0
state,210,0.0086473404580206976,0.0086473404580206976,0,0
state,211,0.0078092340235688508,0.0078092340235688526,1.7347234759768071e-18,1.7347234759768071e-18
state,212,0,0,0,0
state,213,0.0044760140360062314,0.0044760140360062314,0,0
state,214,0.0046324242414406734,0.0046324242414406734,0,0
state,215,0.0044877121495394837,0.004487712149539482,1.7347234759768071e-18,1.7347234759768071e-18
state,216,0,0,0,0
state,217,0.0005958903141831429,0.00059589031418314333,4.3368086899420177e-19,4.3368086899420177e-19
state,218,0.00048498032172431883,0.00048498032172431877,5.4210108624275222e-20,5.4210108624275222e-20
state,219,0.00054518261208203736,0.00054518261208203768,3.2526065174565133e-19,3.2526065174565133e-19
state,220,0,0,0,0
state,221,1.7535359118135847e-05,1.7535359118135847e-05,0,0
state,222,1.9455870175182638e-05,1.9455870175182635e-05,3.3881317890172014e-21,3.3881317890172014e-21
state,223,1.5956047329979557e-05,1.5956047329979543e-05,1.3552527156068805e-20,1.3552527156068805e-20
state,224,0,0,0,0
state,225,4.4229366550216431e-07,4.422936655021642e-07,1.0587911840678754e-22,1.0587911840678754e-22
state,226,7.1331274155881153e-07,7.1331274155881121e-07,3.1763735522036263e-22,3.1763735522036263e-22
state,227,4.0352666498526934e-07,4.0352666498526971e-07,3.705769144237564e-22,3.705769144237564e-22
state,228,0,0,0,0
state,229,1.1079202400771402e-08,1.1079202400771395e-08,6.6174449004242214e-24,6.6174449004242214e-24
state,230,2.5877692062873392e-08,2.5877692062873383e-08,9.9261673506363321e-24,9.9261673506363321e-24
state,231,1.0137484509516861e-08,1.0137484509516861e-08,0,0
state,232,0,0,0,0
state,233,2.7643416248603815e-10,2.7643416248603789e-10,2.5849394142282115e-25,2.5849394142282115e-25
state,234,9.2999250309986512e-10,9.2999250309986419e-10,9.3057818912215613e-25,9.3057818912215613e-25
state,235,2.5366480100742974e-10,2.5366480100742969e-10,5.169878828456423e-26,5.169878828456423e-26
state,236,0,0,0,0
state,237,2.2207004382508278e-12,2.2207004382508274e-12,4.0389678347315804e-28,4.0389678347315804e-28
state,238,7.7657961776140233e-12,7.7657961776140169e-12,6.4623485355705287e-27,6.4623485355705287e-27
state,239,2.0462798699780152e-12,2.0462798699780152e-12,0,0
state,240,0,0,0,0
state,241,0,0,0,0
state,242,0,0,0,0
state,243,0,0,0,0
state,244,0,0,0,0
state,245,0,0,0,0
state,246,0,0,0,0
state,247,0,0,0,0
state,248,0,0,0,0
state,249,0,0,0,0
state,250,0,0,0,0
state,251,0,0,0,0
state,252,0,0,0,0
state,253,0,0,0,0
state,254,0,0,0,0
state,255,0,0,0,0
state,256,0,0,0,0
state,257,0,0,0,0
state,258,0,0,0,0
state,259,0,0,0,0
state,260,0,0,0,0
state,261,0,0,0,0
state,262,0,0,0,0
state,263,0,0,0,0
state,264,0,0,0,0
state,265,0,0,0,0
state,266,0,0,0,0
state,267,0,0,0,0
state,268,0,0,0,0
state,269,0,0,0,0
state,270,0,0,0,0
state,271,0,0,0,0
state,272,0,0,0,0
state,273,0,0,0,0
state,274,0,0,0,0
state,275,0,0,0,0
state,276,0,0,0,0
state,277,0,0,0,0
state,278,0,0,0,0
state,279,0,0,0,0
state,280,0,0,0,0
state,281,0,0,0,0
state,282,0,0,0,0
state,283,0,0,0,0
state,284,0,0,0,0
state,285,0,0,0,0
state,286,0,0,0,0
state,287,0,0,0,0
state,288,0,0,0,0
state,289,0,0,0,0
state,290,0,0,0,0
state,291,0,0,0,0
state,292,0,0,0,0
state,293,0,0,0,0
state,294,0,0,0,0
state,295,0,0,0,0
state,296,0,0,0,0
state,297,0,0,0,0
state,298,0,0,0,0
state,299,0,0,0,0
state,300,0,0,0,0
state,301,0,0,0,0
state,302,0,0,0,0
state,303,0,0,0,0
state,304,0,0,0,0
state,305,0,0,0,0
state,306,0,0,0,0
state,307,0,0,0,0
state,308,0,0,0,0
state,309,0,0,0,0
state,310,0,0,0,0
state,311,0,0,0,0
state,312,0,0,0,0
state,313,0,0,0,0
state,314,0,0,0,0
state,315,0,0,0,0
state,316,0,0,0,0
state,317,0,0,0,0
state,318,0,0,0,0
state,319,0,0,0,0
state,320,0,0,0,0
state,321,0,0,0,0
state,322,0,0,0,0
state,323,0,0,0,0
state,324,0,0,0,0
state,325,0,0,0,0
state,326,0,0,0,0
state,327,0,0,0,0
state,328,0,0,0,0
state,329,0,0,0,0
state,330,0,0,0,0
state,331,0,0,0,0
state,332,0,0,0,0
state,333,0,0,0,0
state,334,0,0,0,0
state,335,0,0,0,0
state,336,0,0,0,0
state,337,0,0,0,0
state,338,0,0,0,0
state,339,0,0,0,0
state,340,0,0,0,0
state,341,0,0,0,0
state,342,0,0,0,0
state,343,0,0,0,0
state,344,0,0,0,0
state,345,0,0,0,0
state,346,0,0,0,0
state,347,0,0,0,0
state,348,0,0,0,0
state,349,0,0,0,0
state,350,0,0,0,0
state,351,0,0,0,0
state,352,0,0,0,0
state,353,0,0,0,0
state,354,0,0,0,0
state,355,0,0,0,0
state,356,0,0,0,0
state,357,0,0,0,0
state,358,0,0,0,0
state,359,0,0,0,0
state,360,0,0,0,0
state,361,0,0,0,0
state,362,0,0,0,0
state,363,0,0,0,0
state,364,0,0,0,0
state,365,0,0,0,0
state,366,0,0,0,0
state,367,0,0,0,0
state,368,0,0,0,0
state,369,0,0,0,0
state,370,0,0,0,0
state,371,0,0,0,0
state,372,0,0,0,0
state,373,0,0,0,0
state,374,0,0,0,0
state,375,0,0,0,0
state,376,0,0,0,0
state,377,0,0,0,0
state,378,0,0,0,0
state,379,0,0,0,0
state,380,0,0,0,0
state,381,0,0,0,0
state,382,0,0,0,0
state,383,0,0,0,0
state,384,0,0,0,0
state,385,0,0,0,0
state,386,0,0,0,0
state,387,0,0,0,0
state,388,0,0,0,0
state,389,0,0,0,0
state,390,0,0,0,0
state,391,0,0,0,0
state,392,0,0,0,0
state,393,0,0,0,0
state,394,0,0,0,0
state,395,0,0,0,0
state,396,0,0,0,0
state,397,0,0,0,0
state,398,0,0,0,0
state,399,0,0,0,0
state,400,0,0,0,0
state,401,0,0,0,0
state,402,0,0,0,0
state,403,0,0,0,0
state,404,0,0,0,0
state,405,0,0,0,0
state,406,0,0,0,0
state,407,0,0,0,0
state,408,0,0,0,0
state,409,1.4337995664417577e-05,1.4337995664417577e-05,0,0
state,410,2.1502440687135955e-05,2.1502440687135955e-05,0,0
state,411,3.0817355022658258e-05,3.0817355022658258e-05,0,0
state,412,0,0,0,0
state,413,3.3970688628881886e-06,3.3970688628881886e-06,0,0
state,414,4.0586768654391976e-06,4.0586768654391976e-06,0,0
state,415,5.8775655400689038e-06,5.8775655400689038e-06,0,0
state,416,0,0,0,0
state,417,1.2487527604672354e-07,1.2487527604672351e-07,2.6469779601696886e-23,2.6469779601696886e-23
state,418,1.1149414849013453e-07,1.1149414849013448e-07,5.2939559203393771e-23,5.2939559203393771e-23
state,419,1.7394318713314384e-07,1.7394318713314384e-07,0,0
state,420,0,0,0,0
state,421,1.615097216248373e-10,1.6150972162483743e-10,1.2924697071141057e-25,1.2924697071141057e-25
state,422,2.6271818620368948e-10,2.6271818620368927e-10,2.0679515313825692e-25,2.0679515313825692e-25
state,423,2.1591540334343906e-10,2.1591540334343914e-10,7.7548182426846345e-26,7.7548182426846345e-26
state,424,0,0,0,0
state,425,1.0683561257132728e-13,1.0683561257132713e-13,1.5146129380243427e-28,1.5146129380243427e-28
state,426,3.7639984996327352e-13,3.7639984996327307e-13,4.543838814073028e-28,4.543838814073028e-28
state,427,1.434136709100983e-13,1.4341367091009832e-13,2.5243548967072378e-29,2.5243548967072378e-29
state,428,0,0,0,0
state,429,6.8757222190579752e-17,6.8757222190579727e-17,2.4651903288156619e-32,2.4651903288156619e-32
state,430,5.2348778391050485e-16,5.2348778391050446e-16,3.944304526105059e-31,3.944304526105059e-31
state,431,9.2848327381361261e-17,9.2848327381361323e-17,6.1629758220391547e-32,6.1629758220391547e-32
state,432,0,0,0,0
state,433,4.407687536745131e-20,4.4076875367451346e-20,3.6111186457260672e-35,3.6111186457260672e-35
state,434,7.1986910177039152e-19,7.1986910177039133e-19,1.9259299443872359e-34,1.9259299443872359e-34
state,435,5.9884284432181772e-20,5.9884284432181772e-20,0,0
state,436,0,0,0,0
state,437,2.8393646974608812e-23,2.8393646974608771e-23,4.1142302278780063e-38,4.1142302278780063e-38
state,438,9.835513778623931e-22,9.8355137786239084e-22,2.256949153578792e-36,2.256949153578792e-36
state,439,3.8858778474426683e-23,3.8858778474426619e-23,6.4652189295225813e-38,6.4652189295225813e-38
state,440,0,0,0,0
state,441,5.3009421476471629e-26,5.300942147647156e-26,6.8876622118493409e-41,6.8876622118493409e-41
state,442,2.0025102179521659e-24,2.0025102179521622e-24,3.6734198463196485e-39,3.6734198463196485e-39
state,443,7.4301791065641314e-26,7.4301791065641314e-26,0,0
state,444,0,0,0,0
state,445,0,0,0,0
state,446,0,0,0,0
state,447,0,0,0,0
state,448,0,0,0,0
state,449,0,0,0,0
state,450,0,0,0,0
state,451,0,0,0,0
state,452,0,0,0,0
state,453,0,0,0,0
state,454,0,0,0,0
state,455,0,0,0,0
state,456,0,0,0,0
state,457,0,0,0,0
state,458,0,0,0,0
state,459,0,0,0,0
state,460,0,0,0,0
state,461,0,0,0,0
state,462,0,0,0,0
state,463,0,0,0,0
state,464,0,0,0,0
state,465,0,0,0,0
state,466,0,0,0,0
state,467,0,0,0,0
state,468,0,0,0,0
state,469,0,0,0,0
state,470,0,0,0,0
state,471,0,0,0,0
state,472,0,0,0,0
state,473,0,0,0,0
state,474,0,0,0,0
state,475,0,0,0,0
state,476,0,0,0,0
state,477,0,0,0,0
state,478,0,0,0,0
state,479,0,0,0,0
state,480,0,0,0,0
state,481,0,0,0,0
state,482,0,0,0,0
state,483,0,0,0,0
state,484,0,0,0,0
state,485,0,0,0,0
state,486,0,0,0,0
state,487,0,0,0,0
state,488,0,0,0,0
state,489,0,0,0,0
state,490,0,0,0,0
state,491,0,0,0,0
state,492,0,0,0,0
state,493,0,0,0,0
state,494,0,0,0,0
state,495,0,0,0,0
state,496,0,0,0,0
state,497,0,0,0,0
state,498,0,0,0,0
state,499,0,0,0,0
state,500,0,0,0,0
state,501,0,0,0,0
state,502,0,0,0,0
state,503,0,0,0,0
state,504,0,0,0,0
state,505,0,0,0,0
state,506,0,0,0,0
state,507,0,0,0,0
state,508,0,0,0,0
state,509,0,0,0,0
state,510,0,0,0,0
state,511,0,0,0,0
state,512,0,0,0,0
state,513,0,0,0,0
state,514,0,0,0,0
state,515,0,0,0,0
state,516,0,0,0,0
state,517,0,0,0,0
state,518,0,0,0,0
state,519,0,0,0,0
state,520,0,0,0,0
state,521,0,0,0,0
state,522,0,0,0,0
state,523,0,0,0,0
state,524,0,0,0,0
state,525,0,0,0,0
state,526,0,0,0,0
state,527,0,0,0,0
state,528,0,0,0,0
state,529,0,0,0,0
state,530,0,0,0,0
state,531,0,0,0,0
state,532,0,0,0,0
state,533,0,0,0,0
state,534,0,0,0,0
state,535,0,0,0,0
state,536,0,0,0,0
state,537,0,0,0,0
state,538,0,0,0,0
state,539,0,0,0,0
state,540,0,0,0,0
state,541,0,0,0,0
state,542,0,0,0,0
state,543,0,0,0,0
state,544,0,0,0,0
state,545,0,0,0,0
state,546,0,0,0,0
state,547,0,0,0,0
state,548,0,0,0,0
state,549,0,0,0,0
state,550,0,0,0,0
state,551,0,0,0,0
state,552,0,0,0,0
state,553,0,0,0,0
state,554,0,0,0,0
state,555,0,0,0,0
state,556,0,0,0,0
state,557,0,0,0,0
state,558,0,0,0,0
state,559,0,0,0,0
state,560,0,0,0,0
state,561,0,0,0,0
state,562,0,0,0,0
state,563,0,0,0,0
state,564,0,0,0,0
state,565,0,0,0,0
state,566,0,0,0,0
state,567,0,0,0,0
state,568,0,0,0,0
state,569,0,0,0,0
state,570,0,0,0,0
state,571,0,0,0,0
state,572,0,0,0,0
state,573,0,0,0,0
state,574,0,0,0,0
state,575,0,0,0,0
state,576,0,0,0,0
state,577,0,0,0,0
state,578,0,0,0,0
state,579,0,0,0,0
state,580,0,0,0,0
state,581,0,0,0,0
state,582,0,0,0,0
state,583,0,0,0,0
state,584,0,0,0,0
state,585,0,0,0,0
state,586,0,0,0,0
state,587,0,0,0,0
state,588,0,0,0,0
state,589,0,0,0,0
state,590,0,0,0,0
state,591,0,0,0,0
state,592,0,0,0,0
state,593,0,0,0,0
state,594,0,0,0,0
state,595,0,0,0,0
state,596,0,0,0,0
state,597,0,0,0,0
state,598,0,0,0,0
state,599,0,0,0,0
state,600,0,0,0,0
state,601,0,0,0,0
state,602,0,0,0,0
state,603,0,0,0,0
state,604,0,0,0,0
state,605,0,0,0,0
state,606,0,0,0,0
state,607,0,0,0,0
state,608,0,0,0,0
state,609,0,0,0,0
state,610,0,0,0,0
state,611,0,0,0,0
state,612,300,300,0,0
state,613,300,300,0,0
state,614,300,300,0,0
state,615,300,300,0,0
state,616,300,300,0,0
state,617,300,300,0,0
state,618,300,300,0,0
state,619,300,300,0,0
state,620,300,300,0,0
state,621,300,300,0,0
state,622,300,300,0,0
state,623,300,300,0,0
state,624,300,300,0,0
state,625,300,300,0,0
state,626,300,300,0,0
state,627,300,300,0,0
state,628,300,300,0,0
state,629,300,300,0,0
state,630,300,300,0,0
state,631,300,300,0,0
state,632,300,300,0,0
state,633,300,300,0,0
state,634,300,300,0,0
state,635,300,300,0,0
state,636,300,300,0,0
state,637,300,300,0,0
state,638,300,300,0,0
state,639,300,300,0,0
state,640,300,300,0,0
state,641,300,300,0,0
state,642,300,300,0,0
state,643,300,300,0,0
state,644,300,300,0,0
state,645,300,300,0,0
state,646,300,300,0,0
state,647,300,300,0,0
state,648,300,300,0,0
state,649,300,300,0,0
state,650,300,300,0,0
state,651,300,300,0,0
state,652,300,300,0,0
state,653,300,300,0,0
state,654,300,300,0,0
state,655,300,300,0,0
state,656,300,300,0,0
state,657,300,300,0,0
state,658,300,300,0,0
state,659,300,300,0,0
state,660,300,300,0,0
state,661,300,300,0,0
state,662,300,300,0,0
state,663,300,300,0,0
state,664,300,300,0,0
state,665,300,300,0,0
state,666,300,300,0,0
state,667,300,300,0,0
state,668,300,300,0,0
state,669,300,300,0,0
state,670,300,300,0,0
state,671,300,300,0,0
state,672,300,300,0,0
state,673,300,300,0,0
state,674,300,300,0,0
state,675,300,300,0,0
state,676,300,300,0,0
state,677,300,300,0,0
state,678,300,300,0,0
state,679,300,300,0,0
state,680,300,300,0,0
state,681,300,300,0,0
state,682,300,300,0,0
state,683,300,300,0,0
state,684,300,300,0,0
state,685,300,300,0,0
state,686,300,300,0,0
state,687,300,300,0,0
state,688,300,300,0,0
state,689,300,300,0,0
state,690,300,300,0,0
state,691,300,300,0,0
state,692,300,300,0,0
state,693,300,300,0,0
state,694,300,300,0,0
state,695,300,300,0,0
state,696,300,300,0,0
state,697,300,300,0,0
state,698,300,300,0,0
state,699,300,300,0,0
state,700,300,300,0,0
state,701,300,300,0,0
state,702,300,300,0,0
state,703,300,300,0,0
state,704,300,300,0,0
state,705,300,300,0,0
state,706,300,300,0,0
state,707,300,300,0,0
state,708,300,300,0,0
state,709,300,300,0,0
state,710,300,300,0,0
state,711,300,300,0,0
state,712,300,300,0,0
state,713,300,300,0,0
state,714,300,300,0,0
state,715,300,300,0,0
state,716,300,300,0,0
state,717,300,300,0,0
state,718,300,300,0,0
state,719,300,300,0,0
state,720,300,300,0,0
state,721,300,300,0,0
state,722,300,300,0,0
state,723,300,300,0,0
state,724,300,300,0,0
state,725,300,300,0,0
state,726,300,300,0,0
state,727,300,300,0,0
state,728,300,300,0,0
state,729,300,300,0,0
state,730,300,300,0,0
state,731,300,300,0,0
state,732,300,300,0,0
state,733,300,300,0,0
state,734,300,300,0,0
state,735,300,300,0,0
state,736,300,300,0,0
state,737,300,300,0,0
state,738,300,300,0,0
state,739,300,300,0,0
state,740,300,300,0,0
state,741,300,300,0,0
state,742,300,300,0,0
state,743,300,300,0,0
state,744,300,300,0,0
state,745,300,300,0,0
state,746,300,300,0,0
state,747,300,300,0,0
state,748,300,300,0,0
state,749,300,300,0,0
state,750,300,300,0,0
state,751,300,300,0,0
state,752,300,300,0,0
state,753,300,300,0,0
state,754,300,300,0,0
state,755,300,300,0,0
state,756,300,300,0,0
state,757,300,300,0,0
state,758,300,300,0,0
state,759,300,300,0,0
state,760,300,300,0,0
state,761,300,300,0,0
state,762,300,300,0,0
state,763,300,300,0,0
state,764,300,300,0,0
total_pressure,0,2500000,2500000,0,0
total_pressure,1,2499840.1175340065,2499840.1175340065,0,0
total_pressure,2,2499702.8280005599,2499702.8280005599,0,0
total_pressure,3,2499583.5824213522,2499583.5824213522,0,0
total_pressure,4,2499468.1527204849,2499468.1527204849,0,0
total_pressure,5,2499352.8586986284,2499352.8586986284,0,0
total_pressure,6,2499237.5687367884,2499237.5687367884,0,0
total_pressure,7,2499122.278900316,2499122.278900316,0,0
total_pressure,8,2499006.989067852,2499006.989067852,0,0
total_pressure,9,2498891.6992353881,2498891.6992353881,0,0
total_pressure,10,2498776.4094029241,2498776.4094029241,0,0
total_pressure,11,2498661.1195704602,2498661.1195704602,0,0
total_pressure,12,2498545.8297379962,2498545.8297379962,0,0
total_pressure,13,2498430.5399055323,2498430.5399055323,0,0
total_pressure,14,2498315.2500730683,2498315.2500730683,0,0
total_pressure,15,2498199.9602406044,2498199.9602406044,0,0
total_pressure,16,2498084.6704081404,2498084.6704081404,0,0
total_pressure,17,2497969.3805756764,2497969.3805756764,0,0
total_pressure,18,2497854.0907432125,2497854.0907432125,0,0
total_pressure,19,2497738.8009107485,2497738.8009107485,0,0
total_pressure,20,2497623.5110782846,2497623.5110782846,0,0
total_pressure,21,2497508.2212458206,2497508.2212458206,0,0
total_pressure,22,2497392.9314133567,2497392.9314133567,0,0
total_pressure,23,2497277.6415808927,2497277.6415808927,0,0
total_pressure,24,2497162.3517484288,2497162.3517484288,0,0
total_pressure,25,2497047.0619159648,2497047.0619159648,0,0
total_pressure,26,2496931.7720835009,2496931.7720835009,0,0
total_pressure,27,2496816.4822510369,2496816.4822510369,0,0
total_pressure,28,2496701.192418573,2496701.192418573,0,0
total_pressure,29,2496585.902586109,2496585.902586109,0,0
total_pressure,30,2496470.6127536451,2496470.6127536451,0,0
total_pressure,31,2496355.3229211811,2496355.3229211811,0,0
total_pressure,32,2496240.0330887171,2496240.0330887171,0,0
total_pressure,33,2496124.7432562532,2496124.7432562532,0,0
total_pressure,34,2496009.4534237892,2496009.4534237892,0,0
total_pressure,35,2495894.1635913253,2495894.1635913253,0,0
total_pressure,36,2495778.8737588613,2495778.8737588613,0,0
total_pressure,37,2495663.5839263974,2495663.5839263974,0,0
total_pressure,38,2495548.2940939334,2495548.2940939334,0,0
total_pressure,39,2495433.0042614695,2495433.0042614695,0,0
total_pressure,40,2495317.7144290055,2495317.7144290055,0,0
total_pressure,41,2495202.4245965416,2495202.4245965416,0,0
total_pressure,42,2495087.1347640776,2495087.1347640776,0,0
total_pressure,43,2494971.8449316137,2494971.8449316137,0,0
total_pressure,44,2494856.5550991497,2494856.5550991497,0,0
total_pressure,45,2494741.2652666857,2494741.2652666857,0,0
total_pressure,46,2494625.9754342218,2494625.9754342218,0,0
total_pressure,47,2494510.6856017578,2494510.6856017578,0,0
total_pressure,48,2494395.3957692939,2494395.3957692939,0,0
total_pressure,49,2494280.1059368299,2494280.1059368299,0,0
total_pressure,50,2494164.816104366,2494164.816104366,0,0
interstitial_gas_velocity,0,0.10000000000000001,0.10000000000000001,0,0
interstitial_gas_velocity,1,0.092617428366979671,0.092617428366979671,0,0
interstitial_gas_velocity,2,0.086273162291754815,0.086273162291754801,1.3877787807814457e-17,1.3877787807814457e-17
interstitial_gas_velocity,3,0.084872446846389074,0.08487244684638906,1.3877787807814457e-17,1.3877787807814457e-17
interstitial_gas_velocity,4,0.084822554062811709,0.084822554062811695,1.3877787807814457e-17,1.3877787807814457e-17
interstitial_gas_velocity,5,0.084821063274619399,0.084821063274619385,1.3877787807814457e-17,1.3877787807814457e-17
interstitial_gas_velocity,6,0.084821017228039808,0.084821017228039794,1.3877787807814457e-17,1.3877787807814457e-17
interstitial_gas_velocity,7,0.08482101575577615,0.084821015755776136,1.3877787807814457e-17,1.3877787807814457e-17
interstitial_gas_velocity,8,0.084821015755603663,0.084821015755603649,1.3877787807814457e-17,1.3877787807814457e-17
interstitial_gas_velocity,9,0.084821015755634707,0.084821015755634693,1.3877787807814457e-17,1.3877787807814457e-17
interstitial_gas_velocity,10,0.084821015755634735,0.084821015755634721,1.3877787807814457e-17,1.3877787807814457e-17
interstitial_gas_velocity,11,0.084821015755634707,0.084821015755634693,1.3877787807814457e-17,1.3877787807814457e-17
interstitial_gas_velocity,12,0.084821015755634541,0.084821015755634527,1.3877787807814457e-17,1.3877787807814457e-17
interstitial_gas_velocity,13,0.084821015755634402,0.084821015755634388,1.3877787807814457e-17,1.3877787807814457e-17
interstitial_gas_velocity,14,0.084821015755634388,0.084821015755634374,1.3877787807814457e-17,1.3877787807814457e-17
interstitial_gas_velocity,15,0.084821015755634402,0.084821015755634388,1.3877787807814457e-17,1.3877787807814457e-17
interstitial_gas_velocity,16,0.084821015755634402,0.084821015755634388,1.3877787807814457e-17,1.3877787807814457e-17
interstitial_gas_velocity,17,0.084821015755634402,0.084821015755634388,1.3877787807814457e-17,1.3877787807814457e-17
interstitial_gas_velocity,18,0.084821015755634402,0.084821015755634388,1.3877787807814457e-17,1.3877787807814457e-17
interstitial_gas_velocity,19,0.084821015755634402,0.084821015755634388,1.3877787807814457e-17,1.3877787807814457e-17
interstitial_gas_velocity,20,0.084821015755634402,0.084821015755634388,1.3877787807814457e-17,1.3877787807814457e-17
interstitial_gas_velocity,21,0.084821015755634402,0.084821015755634388,1.3877787807814457e-17,1.3877787807814457e-17
interstitial_gas_velocity,22,0.084821015755634402,0.084821015755634388,1.3877787807814457e-17,1.3877787807814457e-17
interstitial_gas_velocity,23,0.084821015755634402,0.084821015755634388,1.3877787807814457e-17,1.3877787807814457e-17
interstitial_gas_velocity,24,0.084821015755634402,0.084821015755634388,1.3877787807814457e-17,1.3877787807814457e-17
interstitial_gas_velocity,25,0.084821015755634402,0.084821015755634388,1.3877787807814457e-17,1.3877787807814457e-17
interstitial_gas_velocity,26,0.084821015755634402,0.084821015755634388,1.3877787807814457e-17,1.3877787807814457e-17
interstitial_gas_velocity,27,0.084821015755634402,0.084821015755634388,1.3877787807814457e-17,1.3877787807814457e-17
interstitial_gas_velocity,28,0.084821015755634402,0.084821015755634388,1.3877787807814457e-17,1.3877787807814457e-17
interstitial_gas_velocity,29,0.084821015755634402,0.084821015755634388,1.3877787807814457e-17,1.3877787807814457e-17
interstitial_gas_velocity,30,0.084821015755634402,0.084821015755634388,1.3877787807814457e-17,1.3877787807814457e-17
interstitial_gas_velocity,31,0.084821015755634402,0.084821015755634388,1.3877787807814457e-17,1.3877787807814457e-17
interstitial_gas_velocity,32,0.084821015755634402,0.084821015755634388,1.3877787807814457e-17,1.3877787807814457e-17
interstitial_gas_velocity,33,0.084821015755634402,0.084821015755634388,1.3877787807814457e-17,1.3877787807814457e-17
interstitial_gas_velocity,34,0.084821015755634402,0.084821015755634388,1.3877787807814457e-17,1.3877787807814457e-17
interstitial_gas_velocity,35,0.084821015755634402,0.084821015755634388,1.3877787807814457e-17,1.3877787807814457e-17
interstitial_gas_velocity,36,0.084821015755634402,0.084821015755634388,1.3877787807814457e-17,1.3877787807814457e-17
interstitial_gas_velocity,37,0.084821015755634402,0.084821015755634388,1.3877787807814457e-17,1.3877787807814457e-17
interstitial_gas_velocity,38,0.084821015755634402,0.084821015755634388,1.3877787807814457e-17,1.3877787807814457e-17
interstitial_gas_velocity,39,0.084821015755634402,0.084821015755634388,1.3877787807814457e-17,1.3877787807814457e-17
interstitial_gas_velocity,40,0.084821015755634402,0.084821015755634388,1.3877787807814457e-17,1.3877787807814457e-17
interstitial_gas_velocity,41,0.084821015755634402,0.084821015755634388,1.3877787807814457e-17,1.3877787807814457e-17
interstitial_gas_velocity,42,0.084821015755634402,0.084821015755634388,1.3877787807814457e-17,1.3877787807814457e-17
interstitial_gas_velocity,43,0.084821015755634402,0.084821015755634388,1.3877787807814457e-17,1.3877787807814457e-17
interstitial_gas_velocity,44,0.084821015755634402,0.084821015755634388,1.3877787807814457e-17,1.3877787807814457e-17
interstitial_gas_velocity,45,0.084821015755634402,0.084821015755634388,1.3877787807814457e-17,1.3877787807814457e-17
interstitial_gas_velocity,46,0.084821015755634402,0.084821015755634388,1.3877787807814457e-17,1.3877787807814457e-17
interstitial_gas_velocity,47,0.084821015755634402,0.084821015755634388,1.3877787807814457e-17,1.3877787807814457e-17
interstitial_gas_velocity,48,0.084821015755634402,0.084821015755634388,1.3877787807814457e-17,1.3877787807814457e-17
interstitial_gas_velocity,49,0.084821015755634402,0.084821015755634388,1.3877787807814457e-17,1.3877787807814457e-17
interstitial_gas_velocity,50,0.084821015755634402,0.084821015755634388,1.3877787807814457e-17,1.3877787807814457e-17
